Date,fdate,Open,High,Low,Close,Volume,Dividends,Stock Splits
2023-06-01 00:00:00-04:00,2023-06-01,1.2000000476837158,1.2699999809265137,1.190000057220459,1.25,1168600,0.0,0.0
2023-06-02 00:00:00-04:00,2023-06-02,1.2599999904632568,1.2899999618530271,1.190000057220459,1.2599999904632568,1511500,0.0,0.0
2023-06-05 00:00:00-04:00,2023-06-05,1.25,1.3700000047683716,1.2300000190734863,1.2699999809265137,1720800,0.0,0.0
2023-06-06 00:00:00-04:00,2023-06-06,1.3200000524520874,1.3300000429153442,1.2000000476837158,1.2400000095367432,2912900,0.0,0.0
2023-06-07 00:00:00-04:00,2023-06-07,0.9100000262260436,0.9200000166893004,0.8700000047683716,0.8999999761581421,12846300,0.0,0.0
2023-06-08 00:00:00-04:00,2023-06-08,0.9200000166893004,0.9200000166893004,0.8799999952316284,0.8999999761581421,4108500,0.0,0.0
2023-06-09 00:00:00-04:00,2023-06-09,0.8899999856948853,0.9100000262260436,0.8299999833106995,0.8500000238418579,4051300,0.0,0.0
2023-06-12 00:00:00-04:00,2023-06-12,0.8600000143051147,0.8999999761581421,0.8399999737739563,0.8799999952316284,1989200,0.0,0.0
2023-06-13 00:00:00-04:00,2023-06-13,0.8600000143051147,0.8999999761581421,0.8500000238418579,0.8899999856948853,2422300,0.0,0.0
2023-06-14 00:00:00-04:00,2023-06-14,0.9300000071525574,0.9300000071525574,0.8500000238418579,0.8700000047683716,2064300,0.0,0.0
2023-06-15 00:00:00-04:00,2023-06-15,0.8700000047683716,0.8799999952316284,0.8399999737739563,0.8700000047683716,1631900,0.0,0.0
2023-06-16 00:00:00-04:00,2023-06-16,0.8899999856948853,0.9700000286102296,0.8700000047683716,0.959999978542328,6311800,0.0,0.0
2023-06-20 00:00:00-04:00,2023-06-20,0.959999978542328,0.9900000095367432,0.9200000166893004,0.9399999976158142,2498600,0.0,0.0
2023-06-21 00:00:00-04:00,2023-06-21,0.9300000071525574,0.9399999976158142,0.8600000143051147,0.9200000166893004,1780900,0.0,0.0
2023-06-22 00:00:00-04:00,2023-06-22,0.8999999761581421,0.9800000190734864,0.8799999952316284,0.9700000286102296,1780500,0.0,0.0
2023-06-23 00:00:00-04:00,2023-06-23,0.949999988079071,0.959999978542328,0.8799999952316284,0.8799999952316284,17924700,0.0,0.0
2023-06-26 00:00:00-04:00,2023-06-26,0.8799999952316284,0.8999999761581421,0.7400000095367432,0.7400000095367432,4726100,0.0,0.0
2023-06-27 00:00:00-04:00,2023-06-27,0.7599999904632568,0.7599999904632568,0.699999988079071,0.7300000190734863,2565200,0.0,0.0
2023-06-28 00:00:00-04:00,2023-06-28,0.75,0.7799999713897705,0.7300000190734863,0.7599999904632568,1270600,0.0,0.0
2023-06-29 00:00:00-04:00,2023-06-29,0.7799999713897705,0.7799999713897705,0.7300000190734863,0.7599999904632568,1278700,0.0,0.0
2023-06-30 00:00:00-04:00,2023-06-30,0.75,0.7599999904632568,0.7300000190734863,0.7300000190734863,2035300,0.0,0.0
2023-07-03 00:00:00-04:00,2023-07-03,0.7400000095367432,0.75,0.699999988079071,0.7200000286102295,1295700,0.0,0.0
2023-07-05 00:00:00-04:00,2023-07-05,0.7400000095367432,0.75,0.7200000286102295,0.7300000190734863,1109700,0.0,0.0
2023-07-06 00:00:00-04:00,2023-07-06,0.7300000190734863,0.7599999904632568,0.6800000071525574,0.7200000286102295,1823400,0.0,0.0
2023-07-07 00:00:00-04:00,2023-07-07,0.7300000190734863,0.7400000095367432,0.6899999976158142,0.7200000286102295,1923500,0.0,0.0
2023-07-10 00:00:00-04:00,2023-07-10,0.7200000286102295,0.7699999809265137,0.7099999785423279,0.7599999904632568,2116400,0.0,0.0
2023-07-11 00:00:00-04:00,2023-07-11,0.7599999904632568,0.7699999809265137,0.75,0.7699999809265137,610100,0.0,0.0
2023-07-12 00:00:00-04:00,2023-07-12,0.7699999809265137,0.7799999713897705,0.75,0.7799999713897705,1017600,0.0,0.0
2023-07-13 00:00:00-04:00,2023-07-13,0.7900000214576721,0.7900000214576721,0.7699999809265137,0.7900000214576721,843300,0.0,0.0
2023-07-14 00:00:00-04:00,2023-07-14,0.7699999809265137,0.7900000214576721,0.75,0.7699999809265137,1491900,0.0,0.0
2023-07-17 00:00:00-04:00,2023-07-17,0.7799999713897705,0.7900000214576721,0.7599999904632568,0.7599999904632568,778300,0.0,0.0
2023-07-18 00:00:00-04:00,2023-07-18,0.7699999809265137,0.7900000214576721,0.7599999904632568,0.7799999713897705,813800,0.0,0.0
2023-07-19 00:00:00-04:00,2023-07-19,0.7900000214576721,0.8299999833106995,0.7699999809265137,0.8199999928474426,2265400,0.0,0.0
2023-07-20 00:00:00-04:00,2023-07-20,0.8199999928474426,0.8299999833106995,0.7900000214576721,0.7900000214576721,972100,0.0,0.0
2023-07-21 00:00:00-04:00,2023-07-21,0.8100000023841858,0.8299999833106995,0.7799999713897705,0.8299999833106995,981100,0.0,0.0
2023-07-24 00:00:00-04:00,2023-07-24,0.8299999833106995,0.8299999833106995,0.7599999904632568,0.7900000214576721,1150700,0.0,0.0
2023-07-25 00:00:00-04:00,2023-07-25,0.7900000214576721,0.800000011920929,0.7599999904632568,0.7699999809265137,853500,0.0,0.0
2023-07-26 00:00:00-04:00,2023-07-26,0.7599999904632568,0.7799999713897705,0.7300000190734863,0.7699999809265137,855700,0.0,0.0
2023-07-27 00:00:00-04:00,2023-07-27,0.7900000214576721,0.7900000214576721,0.7400000095367432,0.75,1207800,0.0,0.0
2023-07-28 00:00:00-04:00,2023-07-28,0.75,0.7900000214576721,0.75,0.7900000214576721,737400,0.0,0.0
2023-07-31 00:00:00-04:00,2023-07-31,0.7900000214576721,0.8199999928474426,0.7900000214576721,0.8199999928474426,1083800,0.0,0.0
2023-08-01 00:00:00-04:00,2023-08-01,0.8199999928474426,0.8199999928474426,0.7699999809265137,0.7799999713897705,685700,0.0,0.0
2023-08-02 00:00:00-04:00,2023-08-02,0.7799999713897705,0.7900000214576721,0.7400000095367432,0.7599999904632568,1002500,0.0,0.0
2023-08-03 00:00:00-04:00,2023-08-03,0.7799999713897705,0.7900000214576721,0.75,0.75,549300,0.0,0.0
2023-08-04 00:00:00-04:00,2023-08-04,0.75,0.7900000214576721,0.7200000286102295,0.7699999809265137,718300,0.0,0.0
2023-08-07 00:00:00-04:00,2023-08-07,0.7599999904632568,0.7699999809265137,0.699999988079071,0.7200000286102295,1251700,0.0,0.0
2023-08-08 00:00:00-04:00,2023-08-08,0.7200000286102295,0.7300000190734863,0.7099999785423279,0.7300000190734863,629800,0.0,0.0
2023-08-09 00:00:00-04:00,2023-08-09,0.7200000286102295,0.75,0.7099999785423279,0.7400000095367432,843200,0.0,0.0
2023-08-10 00:00:00-04:00,2023-08-10,0.75,0.75,0.699999988079071,0.7099999785423279,1051100,0.0,0.0
2023-08-11 00:00:00-04:00,2023-08-11,0.7099999785423279,0.7200000286102295,0.6800000071525574,0.6899999976158142,1336600,0.0,0.0
2023-08-14 00:00:00-04:00,2023-08-14,0.7099999785423279,0.7200000286102295,0.6700000166893005,0.7200000286102295,1336600,0.0,0.0
2023-08-15 00:00:00-04:00,2023-08-15,0.699999988079071,0.699999988079071,0.6800000071525574,0.699999988079071,740500,0.0,0.0
2023-08-16 00:00:00-04:00,2023-08-16,0.6800000071525574,0.7099999785423279,0.6700000166893005,0.699999988079071,1008800,0.0,0.0
2023-08-17 00:00:00-04:00,2023-08-17,0.7099999785423279,0.7200000286102295,0.6800000071525574,0.6899999976158142,1026900,0.0,0.0
2023-08-18 00:00:00-04:00,2023-08-18,0.699999988079071,0.7200000286102295,0.6899999976158142,0.7099999785423279,941900,0.0,0.0
2023-08-21 00:00:00-04:00,2023-08-21,0.7099999785423279,0.8500000238418579,0.7099999785423279,0.7900000214576721,4527500,0.0,0.0
2023-08-22 00:00:00-04:00,2023-08-22,0.800000011920929,0.8500000238418579,0.7799999713897705,0.8199999928474426,1953900,0.0,0.0
2023-08-23 00:00:00-04:00,2023-08-23,0.8299999833106995,0.8500000238418579,0.8100000023841858,0.8399999737739563,1000000,0.0,0.0
2023-08-24 00:00:00-04:00,2023-08-24,0.8500000238418579,0.8500000238418579,0.7699999809265137,0.800000011920929,1084700,0.0,0.0
2023-08-25 00:00:00-04:00,2023-08-25,0.7900000214576721,0.8100000023841858,0.7799999713897705,0.7900000214576721,747000,0.0,0.0
2023-08-28 00:00:00-04:00,2023-08-28,0.8100000023841858,0.8299999833106995,0.7799999713897705,0.8199999928474426,698200,0.0,0.0
2023-08-29 00:00:00-04:00,2023-08-29,0.8199999928474426,0.8500000238418579,0.800000011920929,0.8500000238418579,1280900,0.0,0.0
2023-08-30 00:00:00-04:00,2023-08-30,0.8399999737739563,0.8500000238418579,0.800000011920929,0.8100000023841858,457700,0.0,0.0
2023-08-31 00:00:00-04:00,2023-08-31,0.800000011920929,0.8399999737739563,0.800000011920929,0.8199999928474426,527900,0.0,0.0
2023-09-01 00:00:00-04:00,2023-09-01,0.8399999737739563,0.8500000238418579,0.800000011920929,0.8299999833106995,538000,0.0,0.0
2023-09-05 00:00:00-04:00,2023-09-05,0.8299999833106995,0.8500000238418579,0.8199999928474426,0.8299999833106995,477500,0.0,0.0
2023-09-06 00:00:00-04:00,2023-09-06,0.8399999737739563,0.8399999737739563,0.800000011920929,0.800000011920929,570000,0.0,0.0
2023-09-07 00:00:00-04:00,2023-09-07,0.7900000214576721,0.800000011920929,0.7099999785423279,0.7400000095367432,1508100,0.0,0.0
2023-09-08 00:00:00-04:00,2023-09-08,0.7400000095367432,0.8299999833106995,0.7400000095367432,0.7799999713897705,1572400,0.0,0.0
2023-09-11 00:00:00-04:00,2023-09-11,0.800000011920929,0.8100000023841858,0.7699999809265137,0.7900000214576721,442600,0.0,0.0
2023-09-12 00:00:00-04:00,2023-09-12,0.7900000214576721,0.7900000214576721,0.7400000095367432,0.7699999809265137,663600,0.0,0.0
2023-09-13 00:00:00-04:00,2023-09-13,0.7799999713897705,0.800000011920929,0.7599999904632568,0.7599999904632568,462700,0.0,0.0
2023-09-14 00:00:00-04:00,2023-09-14,0.7699999809265137,0.7799999713897705,0.7400000095367432,0.7400000095367432,707500,0.0,0.0
2023-09-15 00:00:00-04:00,2023-09-15,0.7699999809265137,0.7699999809265137,0.7099999785423279,0.7099999785423279,1709000,0.0,0.0
2023-09-18 00:00:00-04:00,2023-09-18,0.7400000095367432,0.7400000095367432,0.7099999785423279,0.7200000286102295,715400,0.0,0.0
2023-09-19 00:00:00-04:00,2023-09-19,0.7200000286102295,0.7300000190734863,0.7099999785423279,0.7099999785423279,443300,0.0,0.0
2023-09-20 00:00:00-04:00,2023-09-20,0.7300000190734863,0.75,0.7099999785423279,0.7400000095367432,390400,0.0,0.0
2023-09-21 00:00:00-04:00,2023-09-21,0.7300000190734863,0.7400000095367432,0.7099999785423279,0.7099999785423279,383700,0.0,0.0
2023-09-22 00:00:00-04:00,2023-09-22,0.7200000286102295,0.7200000286102295,0.6899999976158142,0.7099999785423279,629500,0.0,0.0
2023-09-25 00:00:00-04:00,2023-09-25,0.699999988079071,0.7300000190734863,0.6700000166893005,0.7200000286102295,947600,0.0,0.0
2023-09-26 00:00:00-04:00,2023-09-26,0.7099999785423279,0.75,0.699999988079071,0.7099999785423279,483200,0.0,0.0
2023-09-27 00:00:00-04:00,2023-09-27,0.7200000286102295,0.7400000095367432,0.7099999785423279,0.7200000286102295,520800,0.0,0.0
2023-09-28 00:00:00-04:00,2023-09-28,0.7200000286102295,0.7699999809265137,0.7200000286102295,0.75,982300,0.0,0.0
2023-09-29 00:00:00-04:00,2023-09-29,0.7599999904632568,0.7699999809265137,0.7099999785423279,0.75,486400,0.0,0.0
2023-10-02 00:00:00-04:00,2023-10-02,0.7400000095367432,0.75,0.699999988079071,0.7400000095367432,550200,0.0,0.0
2023-10-03 00:00:00-04:00,2023-10-03,0.7099999785423279,0.7300000190734863,0.699999988079071,0.7099999785423279,630600,0.0,0.0
2023-10-04 00:00:00-04:00,2023-10-04,0.7099999785423279,0.7300000190734863,0.6800000071525574,0.699999988079071,859700,0.0,0.0
2023-10-05 00:00:00-04:00,2023-10-05,0.699999988079071,0.7200000286102295,0.6700000166893005,0.6800000071525574,705100,0.0,0.0
2023-10-06 00:00:00-04:00,2023-10-06,0.699999988079071,0.7300000190734863,0.6800000071525574,0.7200000286102295,477200,0.0,0.0
2023-10-09 00:00:00-04:00,2023-10-09,0.699999988079071,0.7099999785423279,0.6899999976158142,0.6899999976158142,277200,0.0,0.0
2023-10-10 00:00:00-04:00,2023-10-10,0.6899999976158142,0.7300000190734863,0.6899999976158142,0.7200000286102295,467200,0.0,0.0
2023-10-11 00:00:00-04:00,2023-10-11,0.7200000286102295,0.7200000286102295,0.6899999976158142,0.699999988079071,470400,0.0,0.0
2023-10-12 00:00:00-04:00,2023-10-12,0.699999988079071,0.699999988079071,0.6700000166893005,0.6899999976158142,744100,0.0,0.0
2023-10-13 00:00:00-04:00,2023-10-13,0.6700000166893005,0.6899999976158142,0.6499999761581421,0.6700000166893005,926600,0.0,0.0
2023-10-16 00:00:00-04:00,2023-10-16,0.6600000262260437,0.6800000071525574,0.6299999952316284,0.6700000166893005,987800,0.0,0.0
2023-10-17 00:00:00-04:00,2023-10-17,0.6499999761581421,0.7300000190734863,0.6499999761581421,0.7200000286102295,891800,0.0,0.0
2023-10-18 00:00:00-04:00,2023-10-18,0.699999988079071,0.7200000286102295,0.6800000071525574,0.699999988079071,495400,0.0,0.0
2023-10-19 00:00:00-04:00,2023-10-19,0.699999988079071,0.7099999785423279,0.6800000071525574,0.699999988079071,544800,0.0,0.0
2023-10-20 00:00:00-04:00,2023-10-20,0.6800000071525574,0.699999988079071,0.6399999856948853,0.6800000071525574,659200,0.0,0.0
2023-10-23 00:00:00-04:00,2023-10-23,0.6499999761581421,0.6700000166893005,0.6399999856948853,0.6600000262260437,461100,0.0,0.0
2023-10-24 00:00:00-04:00,2023-10-24,0.6499999761581421,0.6700000166893005,0.6100000143051147,0.6499999761581421,1016900,0.0,0.0
2023-10-25 00:00:00-04:00,2023-10-25,0.6499999761581421,0.6700000166893005,0.6100000143051147,0.6499999761581421,621400,0.0,0.0
2023-10-26 00:00:00-04:00,2023-10-26,0.6299999952316284,0.6700000166893005,0.6100000143051147,0.6600000262260437,807500,0.0,0.0
2023-10-27 00:00:00-04:00,2023-10-27,0.6399999856948853,0.6899999976158142,0.6399999856948853,0.6700000166893005,580200,0.0,0.0
2023-10-30 00:00:00-04:00,2023-10-30,0.6899999976158142,0.7099999785423279,0.6399999856948853,0.6600000262260437,1116000,0.0,0.0
2023-10-31 00:00:00-04:00,2023-10-31,0.6399999856948853,0.6700000166893005,0.6399999856948853,0.6600000262260437,405900,0.0,0.0
2023-11-01 00:00:00-04:00,2023-11-01,0.6600000262260437,0.6600000262260437,0.5799999833106995,0.6499999761581421,1076600,0.0,0.0
2023-11-02 00:00:00-04:00,2023-11-02,0.6299999952316284,0.6800000071525574,0.6299999952316284,0.6700000166893005,520800,0.0,0.0
2023-11-03 00:00:00-04:00,2023-11-03,0.6399999856948853,0.7200000286102295,0.6100000143051147,0.699999988079071,1250300,0.0,0.0
2023-11-06 00:00:00-05:00,2023-11-06,0.6899999976158142,0.7300000190734863,0.6800000071525574,0.7200000286102295,374800,0.0,0.0
2023-11-07 00:00:00-05:00,2023-11-07,0.7200000286102295,0.75,0.6800000071525574,0.7300000190734863,491900,0.0,0.0
2023-11-08 00:00:00-05:00,2023-11-08,0.75,0.800000011920929,0.7300000190734863,0.7599999904632568,1494000,0.0,0.0
2023-11-09 00:00:00-05:00,2023-11-09,0.7599999904632568,0.7699999809265137,0.6800000071525574,0.7300000190734863,718200,0.0,0.0
2023-11-10 00:00:00-05:00,2023-11-10,0.7099999785423279,0.75,0.6899999976158142,0.75,565900,0.0,0.0
2023-11-13 00:00:00-05:00,2023-11-13,0.75,0.75,0.6899999976158142,0.7200000286102295,672100,0.0,0.0
2023-11-14 00:00:00-05:00,2023-11-14,0.7099999785423279,0.7799999713897705,0.7099999785423279,0.7699999809265137,770200,0.0,0.0
2023-11-15 00:00:00-05:00,2023-11-15,0.75,0.8899999856948853,0.75,0.8500000238418579,2014800,0.0,0.0
2023-11-16 00:00:00-05:00,2023-11-16,0.8500000238418579,0.8600000143051147,0.7699999809265137,0.800000011920929,743000,0.0,0.0
2023-11-17 00:00:00-05:00,2023-11-17,0.800000011920929,0.8100000023841858,0.7900000214576721,0.800000011920929,253100,0.0,0.0
2023-11-20 00:00:00-05:00,2023-11-20,0.7799999713897705,0.8500000238418579,0.7699999809265137,0.7799999713897705,407000,0.0,0.0
2023-11-21 00:00:00-05:00,2023-11-21,0.7599999904632568,0.7799999713897705,0.75,0.7699999809265137,299800,0.0,0.0
2023-11-22 00:00:00-05:00,2023-11-22,0.7599999904632568,0.7699999809265137,0.7200000286102295,0.7200000286102295,387700,0.0,0.0
2023-11-24 00:00:00-05:00,2023-11-24,0.7099999785423279,0.7300000190734863,0.699999988079071,0.7200000286102295,306600,0.0,0.0
2023-11-27 00:00:00-05:00,2023-11-27,0.699999988079071,0.75,0.699999988079071,0.7400000095367432,512700,0.0,0.0
2023-11-28 00:00:00-05:00,2023-11-28,0.7300000190734863,0.7300000190734863,0.699999988079071,0.7099999785423279,438500,0.0,0.0
2023-11-29 00:00:00-05:00,2023-11-29,0.699999988079071,0.7300000190734863,0.6899999976158142,0.699999988079071,341800,0.0,0.0
2023-11-30 00:00:00-05:00,2023-11-30,0.7099999785423279,0.75,0.7099999785423279,0.7200000286102295,599500,0.0,0.0
2023-12-01 00:00:00-05:00,2023-12-01,0.7300000190734863,0.7300000190734863,0.699999988079071,0.7300000190734863,460000,0.0,0.0
2023-12-04 00:00:00-05:00,2023-12-04,0.7200000286102295,0.7400000095367432,0.7099999785423279,0.7300000190734863,411300,0.0,0.0
2023-12-05 00:00:00-05:00,2023-12-05,0.7200000286102295,0.7300000190734863,0.6899999976158142,0.7099999785423279,587000,0.0,0.0
2023-12-06 00:00:00-05:00,2023-12-06,0.7099999785423279,0.7200000286102295,0.6899999976158142,0.6899999976158142,427800,0.0,0.0
2023-12-07 00:00:00-05:00,2023-12-07,0.6899999976158142,0.7099999785423279,0.6899999976158142,0.699999988079071,311800,0.0,0.0
2023-12-08 00:00:00-05:00,2023-12-08,0.6899999976158142,0.7099999785423279,0.6800000071525574,0.7099999785423279,448600,0.0,0.0
2023-12-11 00:00:00-05:00,2023-12-11,0.699999988079071,0.7099999785423279,0.6800000071525574,0.6899999976158142,365500,0.0,0.0
2023-12-12 00:00:00-05:00,2023-12-12,0.6700000166893005,0.6899999976158142,0.6600000262260437,0.6600000262260437,488000,0.0,0.0
2023-12-13 00:00:00-05:00,2023-12-13,0.6800000071525574,0.6899999976158142,0.6499999761581421,0.6800000071525574,524300,0.0,0.0
2023-12-14 00:00:00-05:00,2023-12-14,0.6600000262260437,0.6899999976158142,0.6600000262260437,0.6700000166893005,747300,0.0,0.0
2023-12-15 00:00:00-05:00,2023-12-15,0.6600000262260437,0.6800000071525574,0.6299999952316284,0.6299999952316284,1028300,0.0,0.0
2023-12-18 00:00:00-05:00,2023-12-18,0.6399999856948853,0.6499999761581421,0.6200000047683716,0.6200000047683716,542700,0.0,0.0
2023-12-19 00:00:00-05:00,2023-12-19,0.6200000047683716,0.6299999952316284,0.5899999737739563,0.6100000143051147,1621100,0.0,0.0
2023-12-20 00:00:00-05:00,2023-12-20,0.6000000238418579,0.6200000047683716,0.5899999737739563,0.6000000238418579,855800,0.0,0.0
2023-12-21 00:00:00-05:00,2023-12-21,0.6100000143051147,0.6200000047683716,0.5799999833106995,0.6000000238418579,949500,0.0,0.0
2023-12-22 00:00:00-05:00,2023-12-22,0.5799999833106995,0.6100000143051147,0.5600000023841858,0.5799999833106995,1104000,0.0,0.0
2023-12-26 00:00:00-05:00,2023-12-26,0.6000000238418579,0.6200000047683716,0.5899999737739563,0.6000000238418579,740600,0.0,0.0
2023-12-27 00:00:00-05:00,2023-12-27,0.6000000238418579,0.6100000143051147,0.5799999833106995,0.6000000238418579,861900,0.0,0.0
2023-12-28 00:00:00-05:00,2023-12-28,0.5899999737739563,0.6000000238418579,0.5600000023841858,0.5699999928474426,1263500,0.0,0.0
2023-12-29 00:00:00-05:00,2023-12-29,0.5699999928474426,0.5899999737739563,0.5299999713897705,0.5699999928474426,1464000,0.0,0.0
2024-01-02 00:00:00-05:00,2024-01-02,0.5799999833106995,0.6499999761581421,0.550000011920929,0.6100000143051147,1533800,0.0,0.0
2024-01-03 00:00:00-05:00,2024-01-03,0.6100000143051147,0.6100000143051147,0.5600000023841858,0.5600000023841858,1249200,0.0,0.0
2024-01-04 00:00:00-05:00,2024-01-04,0.5600000023841858,0.5899999737739563,0.5600000023841858,0.5799999833106995,440100,0.0,0.0
2024-01-05 00:00:00-05:00,2024-01-05,0.5699999928474426,0.5899999737739563,0.5600000023841858,0.5699999928474426,537100,0.0,0.0
2024-01-08 00:00:00-05:00,2024-01-08,0.550000011920929,0.5699999928474426,0.550000011920929,0.5699999928474426,435700,0.0,0.0
2024-01-09 00:00:00-05:00,2024-01-09,0.5600000023841858,0.6100000143051147,0.5600000023841858,0.6000000238418579,895000,0.0,0.0
2024-01-10 00:00:00-05:00,2024-01-10,0.6100000143051147,0.6100000143051147,0.5699999928474426,0.5899999737739563,784900,0.0,0.0
2024-01-11 00:00:00-05:00,2024-01-11,0.5899999737739563,0.6000000238418579,0.5600000023841858,0.5799999833106995,626500,0.0,0.0
2024-01-12 00:00:00-05:00,2024-01-12,0.5699999928474426,0.5799999833106995,0.550000011920929,0.5600000023841858,471800,0.0,0.0
2024-01-16 00:00:00-05:00,2024-01-16,0.6000000238418579,0.8500000238418579,0.5799999833106995,0.7200000286102295,13920900,0.0,0.0
2024-01-17 00:00:00-05:00,2024-01-17,0.7400000095367432,0.8299999833106995,0.7300000190734863,0.7699999809265137,3847600,0.0,0.0
2024-01-18 00:00:00-05:00,2024-01-18,0.7900000214576721,0.8600000143051147,0.7900000214576721,0.7900000214576721,2731700,0.0,0.0
2024-01-19 00:00:00-05:00,2024-01-19,0.8100000023841858,0.8199999928474426,0.7200000286102295,0.7400000095367432,1980000,0.0,0.0
2024-01-22 00:00:00-05:00,2024-01-22,0.75,0.8199999928474426,0.75,0.7699999809265137,889100,0.0,0.0
2024-01-23 00:00:00-05:00,2024-01-23,0.800000011920929,0.8199999928474426,0.7699999809265137,0.800000011920929,1016800,0.0,0.0
2024-01-24 00:00:00-05:00,2024-01-24,0.8100000023841858,0.8399999737739563,0.7799999713897705,0.800000011920929,1275200,0.0,0.0
2024-01-25 00:00:00-05:00,2024-01-25,0.8100000023841858,0.8399999737739563,0.800000011920929,0.8199999928474426,919900,0.0,0.0
2024-01-26 00:00:00-05:00,2024-01-26,0.8199999928474426,0.8799999952316284,0.8100000023841858,0.8700000047683716,2282900,0.0,0.0
2024-01-29 00:00:00-05:00,2024-01-29,0.8999999761581421,0.8999999761581421,0.8600000143051147,0.8799999952316284,1516600,0.0,0.0
2024-01-30 00:00:00-05:00,2024-01-30,0.9200000166893004,1.0199999809265137,0.8999999761581421,0.9800000190734864,6777600,0.0,0.0
2024-01-31 00:00:00-05:00,2024-01-31,1.0199999809265137,1.2999999523162842,1.0199999809265137,1.1799999475479126,9610800,0.0,0.0
2024-02-01 00:00:00-05:00,2024-02-01,1.2100000381469729,1.2699999809265137,1.100000023841858,1.2000000476837158,3093800,0.0,0.0
2024-02-02 00:00:00-05:00,2024-02-02,1.2000000476837158,1.2200000286102295,1.100000023841858,1.2000000476837158,1830200,0.0,0.0
2024-02-05 00:00:00-05:00,2024-02-05,1.2100000381469729,1.2599999904632568,1.1299999952316284,1.1699999570846558,1445000,0.0,0.0
2024-02-06 00:00:00-05:00,2024-02-06,1.159999966621399,1.2000000476837158,1.0800000429153442,1.2000000476837158,2130600,0.0,0.0
2024-02-07 00:00:00-05:00,2024-02-07,1.2000000476837158,1.2300000190734863,1.1699999570846558,1.190000057220459,1113200,0.0,0.0
2024-02-08 00:00:00-05:00,2024-02-08,1.1799999475479126,1.2100000381469729,1.1200000047683716,1.1799999475479126,876400,0.0,0.0
2024-02-09 00:00:00-05:00,2024-02-09,1.1799999475479126,1.2100000381469729,1.149999976158142,1.190000057220459,934800,0.0,0.0
2024-02-12 00:00:00-05:00,2024-02-12,1.1799999475479126,1.340000033378601,1.1399999856948853,1.25,4189400,0.0,0.0
2024-02-13 00:00:00-05:00,2024-02-13,1.2599999904632568,1.2599999904632568,1.159999966621399,1.190000057220459,1239000,0.0,0.0
2024-02-14 00:00:00-05:00,2024-02-14,1.190000057220459,1.2000000476837158,1.149999976158142,1.190000057220459,1007200,0.0,0.0
2024-02-15 00:00:00-05:00,2024-02-15,1.1699999570846558,1.190000057220459,1.149999976158142,1.1799999475479126,869200,0.0,0.0
2024-02-16 00:00:00-05:00,2024-02-16,1.1699999570846558,1.2400000095367432,1.149999976158142,1.2000000476837158,1215300,0.0,0.0
2024-02-20 00:00:00-05:00,2024-02-20,1.1699999570846558,1.25,1.1699999570846558,1.2300000190734863,1514300,0.0,0.0
2024-02-21 00:00:00-05:00,2024-02-21,1.25,1.4500000476837158,1.25,1.409999966621399,5367800,0.0,0.0
2024-02-22 00:00:00-05:00,2024-02-22,1.4500000476837158,1.5399999618530271,1.3799999952316284,1.399999976158142,4460600,0.0,0.0
2024-02-23 00:00:00-05:00,2024-02-23,1.409999966621399,1.4299999475479126,1.2400000095367432,1.2699999809265137,2371800,0.0,0.0
2024-02-26 00:00:00-05:00,2024-02-26,1.2599999904632568,1.2799999713897705,1.1799999475479126,1.2300000190734863,1906400,0.0,0.0
2024-02-27 00:00:00-05:00,2024-02-27,1.2599999904632568,1.2899999618530271,1.2300000190734863,1.2699999809265137,1398100,0.0,0.0
2024-02-28 00:00:00-05:00,2024-02-28,1.340000033378601,1.340000033378601,1.2699999809265137,1.2999999523162842,1313900,0.0,0.0
2024-02-29 00:00:00-05:00,2024-02-29,1.2899999618530271,1.309999942779541,1.2100000381469729,1.2200000286102295,1231500,0.0,0.0
2024-03-01 00:00:00-05:00,2024-03-01,1.25,1.2599999904632568,1.2200000286102295,1.25,1510400,0.0,0.0
2024-03-04 00:00:00-05:00,2024-03-04,1.2300000190734863,1.2599999904632568,1.2000000476837158,1.2300000190734863,1230500,0.0,0.0
2024-03-05 00:00:00-05:00,2024-03-05,1.2200000286102295,1.2400000095367432,1.149999976158142,1.2100000381469729,1299300,0.0,0.0
2024-03-06 00:00:00-05:00,2024-03-06,1.2000000476837158,1.2400000095367432,1.1200000047683716,1.2000000476837158,1343300,0.0,0.0
2024-03-07 00:00:00-05:00,2024-03-07,1.1399999856948853,1.2000000476837158,1.0700000524520874,1.1100000143051147,2104300,0.0,0.0
2024-03-08 00:00:00-05:00,2024-03-08,1.1100000143051147,1.2200000286102295,1.1100000143051147,1.190000057220459,1798900,0.0,0.0
2024-03-11 00:00:00-04:00,2024-03-11,1.190000057220459,1.25,1.149999976158142,1.149999976158142,1405800,0.0,0.0
2024-03-12 00:00:00-04:00,2024-03-12,1.190000057220459,1.190000057220459,1.1100000143051147,1.1399999856948853,1018100,0.0,0.0
2024-03-13 00:00:00-04:00,2024-03-13,1.1399999856948853,1.1699999570846558,1.1200000047683716,1.1299999952316284,997100,0.0,0.0
2024-03-14 00:00:00-04:00,2024-03-14,1.1100000143051147,1.1299999952316284,1.090000033378601,1.100000023841858,1206300,0.0,0.0
2024-03-15 00:00:00-04:00,2024-03-15,1.1100000143051147,1.159999966621399,1.0299999713897705,1.0800000429153442,2086300,0.0,0.0
2024-03-18 00:00:00-04:00,2024-03-18,1.1100000143051147,1.159999966621399,1.0800000429153442,1.159999966621399,1158700,0.0,0.0
2024-03-19 00:00:00-04:00,2024-03-19,1.159999966621399,1.2899999618530271,1.1399999856948853,1.159999966621399,2924400,0.0,0.0
2024-03-20 00:00:00-04:00,2024-03-20,1.190000057220459,1.25,1.1699999570846558,1.2400000095367432,1492600,0.0,0.0
2024-03-21 00:00:00-04:00,2024-03-21,1.2400000095367432,1.2699999809265137,1.2200000286102295,1.2300000190734863,1201700,0.0,0.0
2024-03-22 00:00:00-04:00,2024-03-22,1.25,1.2799999713897705,1.1799999475479126,1.2599999904632568,1806500,0.0,0.0
2024-03-25 00:00:00-04:00,2024-03-25,1.2799999713897705,1.2799999713897705,1.2200000286102295,1.2300000190734863,2289500,0.0,0.0
2024-03-26 00:00:00-04:00,2024-03-26,1.2400000095367432,1.25,1.2100000381469729,1.2200000286102295,813400,0.0,0.0
2024-03-27 00:00:00-04:00,2024-03-27,1.2200000286102295,1.309999942779541,1.2100000381469729,1.2899999618530271,1635100,0.0,0.0
2024-03-28 00:00:00-04:00,2024-03-28,1.3300000429153442,1.409999966621399,1.2799999713897705,1.2999999523162842,2788500,0.0,0.0
2024-04-01 00:00:00-04:00,2024-04-01,1.3300000429153442,1.340000033378601,1.25,1.2999999523162842,1551800,0.0,0.0
2024-04-02 00:00:00-04:00,2024-04-02,1.2599999904632568,1.2799999713897705,1.2200000286102295,1.2400000095367432,1276600,0.0,0.0
2024-04-03 00:00:00-04:00,2024-04-03,1.25,1.25,1.1799999475479126,1.2300000190734863,1173400,0.0,0.0
2024-04-04 00:00:00-04:00,2024-04-04,1.2200000286102295,1.2999999523162842,1.0700000524520874,1.1299999952316284,4674300,0.0,0.0
2024-04-05 00:00:00-04:00,2024-04-05,1.100000023841858,1.159999966621399,1.0099999904632568,1.0800000429153442,2015900,0.0,0.0
2024-04-08 00:00:00-04:00,2024-04-08,1.059999942779541,1.1100000143051147,1.0099999904632568,1.0800000429153442,1524900,0.0,0.0
2024-04-09 00:00:00-04:00,2024-04-09,1.100000023841858,1.100000023841858,1.0,1.0399999618530271,1433400,0.0,0.0
2024-04-10 00:00:00-04:00,2024-04-10,1.0399999618530271,1.0399999618530271,1.0,1.0099999904632568,1176200,0.0,0.0
2024-04-11 00:00:00-04:00,2024-04-11,1.0099999904632568,1.0399999618530271,0.959999978542328,1.0399999618530271,1563400,0.0,0.0
2024-04-12 00:00:00-04:00,2024-04-12,1.0,1.0399999618530271,0.8999999761581421,0.9100000262260436,2472800,0.0,0.0
2024-04-15 00:00:00-04:00,2024-04-15,0.9300000071525574,0.949999988079071,0.8700000047683716,0.9100000262260436,1624800,0.0,0.0
2024-04-16 00:00:00-04:00,2024-04-16,0.9100000262260436,0.9200000166893004,0.8600000143051147,0.8899999856948853,1279200,0.0,0.0
2024-04-17 00:00:00-04:00,2024-04-17,0.8899999856948853,0.9100000262260436,0.8600000143051147,0.8700000047683716,1074600,0.0,0.0
2024-04-18 00:00:00-04:00,2024-04-18,0.8600000143051147,0.8999999761581421,0.8299999833106995,0.8399999737739563,883500,0.0,0.0
2024-04-19 00:00:00-04:00,2024-04-19,0.8199999928474426,0.8600000143051147,0.75,0.7599999904632568,1905600,0.0,0.0
2024-04-22 00:00:00-04:00,2024-04-22,0.7799999713897705,0.800000011920929,0.7599999904632568,0.7599999904632568,937100,0.0,0.0
2024-04-23 00:00:00-04:00,2024-04-23,0.7699999809265137,0.8199999928474426,0.7099999785423279,0.75,1586300,0.0,0.0
2024-04-24 00:00:00-04:00,2024-04-24,0.7599999904632568,0.7599999904632568,0.699999988079071,0.7099999785423279,1463800,0.0,0.0
2024-04-25 00:00:00-04:00,2024-04-25,0.699999988079071,0.7200000286102295,0.6299999952316284,0.6600000262260437,1940100,0.0,0.0
2024-04-26 00:00:00-04:00,2024-04-26,0.699999988079071,0.7099999785423279,0.6600000262260437,0.7099999785423279,1321600,0.0,0.0
2024-04-29 00:00:00-04:00,2024-04-29,0.7099999785423279,0.75,0.699999988079071,0.7099999785423279,1012600,0.0,0.0
2024-04-30 00:00:00-04:00,2024-04-30,0.75,0.7699999809265137,0.6800000071525574,0.7099999785423279,1973600,0.0,0.0
2024-05-01 00:00:00-04:00,2024-05-01,0.7099999785423279,0.7300000190734863,0.699999988079071,0.699999988079071,715900,0.0,0.0
2024-05-02 00:00:00-04:00,2024-05-02,0.7200000286102295,0.75,0.6899999976158142,0.75,1243100,0.0,0.0
2024-05-03 00:00:00-04:00,2024-05-03,0.75,0.75,0.6899999976158142,0.7300000190734863,2158400,0.0,0.0
2024-05-06 00:00:00-04:00,2024-05-06,0.7400000095367432,0.7799999713897705,0.7300000190734863,0.7699999809265137,960700,0.0,0.0
2024-05-07 00:00:00-04:00,2024-05-07,0.7699999809265137,0.7699999809265137,0.7200000286102295,0.7400000095367432,617300,0.0,0.0
2024-05-08 00:00:00-04:00,2024-05-08,0.7300000190734863,0.7400000095367432,0.7099999785423279,0.7300000190734863,434300,0.0,0.0
2024-05-09 00:00:00-04:00,2024-05-09,0.75,0.75,0.699999988079071,0.7300000190734863,930800,0.0,0.0
2024-05-10 00:00:00-04:00,2024-05-10,0.7200000286102295,0.7400000095367432,0.6899999976158142,0.7099999785423279,1985400,0.0,0.0
2024-05-13 00:00:00-04:00,2024-05-13,0.7200000286102295,0.8500000238418579,0.7099999785423279,0.8199999928474426,3119500,0.0,0.0
2024-05-14 00:00:00-04:00,2024-05-14,0.8999999761581421,0.8999999761581421,0.800000011920929,0.8600000143051147,2327200,0.0,0.0
2024-05-15 00:00:00-04:00,2024-05-15,0.8799999952316284,0.949999988079071,0.8600000143051147,0.9399999976158142,2136400,0.0,0.0
2024-05-16 00:00:00-04:00,2024-05-16,1.0,1.059999942779541,0.9399999976158142,1.0199999809265137,3201600,0.0,0.0
2024-05-17 00:00:00-04:00,2024-05-17,1.0399999618530271,1.0399999618530271,0.949999988079071,0.959999978542328,1565100,0.0,0.0
2024-05-20 00:00:00-04:00,2024-05-20,0.959999978542328,0.9700000286102296,0.8600000143051147,0.8999999761581421,1593900,0.0,0.0
2024-05-21 00:00:00-04:00,2024-05-21,0.8799999952316284,0.8899999856948853,0.8399999737739563,0.8600000143051147,767200,0.0,0.0
2024-05-22 00:00:00-04:00,2024-05-22,0.9100000262260436,0.9900000095367432,0.8600000143051147,0.9900000095367432,2048800,0.0,0.0
2024-05-23 00:00:00-04:00,2024-05-23,0.9900000095367432,0.9900000095367432,0.8799999952316284,0.8999999761581421,1034200,0.0,0.0
2024-05-24 00:00:00-04:00,2024-05-24,0.9100000262260436,0.9100000262260436,0.8500000238418579,0.8700000047683716,929800,0.0,0.0
2024-05-28 00:00:00-04:00,2024-05-28,0.8600000143051147,0.8899999856948853,0.7900000214576721,0.8299999833106995,1135500,0.0,0.0
2024-05-29 00:00:00-04:00,2024-05-29,0.8299999833106995,0.8299999833106995,0.7799999713897705,0.8199999928474426,885800,0.0,0.0
2024-05-30 00:00:00-04:00,2024-05-30,0.8199999928474426,0.8399999737739563,0.800000011920929,0.8100000023841858,518200,0.0,0.0
2024-05-31 00:00:00-04:00,2024-05-31,0.8199999928474426,0.8600000143051147,0.8199999928474426,0.8199999928474426,981000,0.0,0.0
2024-06-03 00:00:00-04:00,2024-06-03,0.8199999928474426,0.8399999737739563,0.7900000214576721,0.8299999833106995,916800,0.0,0.0
2024-06-04 00:00:00-04:00,2024-06-04,0.8199999928474426,0.8399999737739563,0.7900000214576721,0.800000011920929,568600,0.0,0.0
2024-06-05 00:00:00-04:00,2024-06-05,0.8100000023841858,0.8100000023841858,0.7599999904632568,0.7799999713897705,795200,0.0,0.0
2024-06-06 00:00:00-04:00,2024-06-06,0.7699999809265137,0.8100000023841858,0.7599999904632568,0.800000011920929,888700,0.0,0.0
2024-06-07 00:00:00-04:00,2024-06-07,0.7900000214576721,0.8100000023841858,0.7400000095367432,0.7699999809265137,985900,0.0,0.0
2024-06-10 00:00:00-04:00,2024-06-10,0.800000011920929,0.8100000023841858,0.7599999904632568,0.800000011920929,606800,0.0,0.0
2024-06-11 00:00:00-04:00,2024-06-11,0.800000011920929,0.800000011920929,0.75,0.7699999809265137,660000,0.0,0.0
2024-06-12 00:00:00-04:00,2024-06-12,0.7900000214576721,0.800000011920929,0.75,0.7599999904632568,546600,0.0,0.0
2024-06-13 00:00:00-04:00,2024-06-13,0.75,0.7799999713897705,0.7300000190734863,0.75,14913200,0.0,0.0
2024-06-14 00:00:00-04:00,2024-06-14,0.75,0.7799999713897705,0.5600000023841858,0.5699999928474426,63957600,0.0,0.0
2024-06-17 00:00:00-04:00,2024-06-17,0.6299999952316284,0.6299999952316284,0.5199999809265137,0.5299999713897705,25500800,0.0,0.0
2024-06-18 00:00:00-04:00,2024-06-18,0.550000011920929,0.7200000286102295,0.5400000214576721,0.6800000071525574,34749100,0.0,0.0
2024-06-20 00:00:00-04:00,2024-06-20,0.6899999976158142,0.7799999713897705,0.6800000071525574,0.7200000286102295,14226400,0.0,0.0
2024-06-21 00:00:00-04:00,2024-06-21,0.7300000190734863,0.7400000095367432,0.6899999976158142,0.7099999785423279,5609200,0.0,0.0
2024-06-24 00:00:00-04:00,2024-06-24,0.7099999785423279,0.7699999809265137,0.7099999785423279,0.75,5343900,0.0,0.0
2024-06-25 00:00:00-04:00,2024-06-25,0.7599999904632568,0.7599999904632568,0.6700000166893005,0.6899999976158142,4641900,0.0,0.0
2024-06-26 00:00:00-04:00,2024-06-26,0.6899999976158142,0.699999988079071,0.6499999761581421,0.6800000071525574,3335300,0.0,0.0
2024-06-27 00:00:00-04:00,2024-06-27,0.6600000262260437,0.6800000071525574,0.6399999856948853,0.6700000166893005,3089900,0.0,0.0
2024-06-28 00:00:00-04:00,2024-06-28,0.6700000166893005,0.6800000071525574,0.6299999952316284,0.6700000166893005,3176700,0.0,0.0
2024-07-01 00:00:00-04:00,2024-07-01,0.6600000262260437,0.699999988079071,0.6499999761581421,0.6899999976158142,1705200,0.0,0.0
2024-07-02 00:00:00-04:00,2024-07-02,0.6899999976158142,0.7099999785423279,0.6700000166893005,0.6800000071525574,1778100,0.0,0.0
2024-07-03 00:00:00-04:00,2024-07-03,0.6800000071525574,0.6899999976158142,0.6399999856948853,0.6499999761581421,2098400,0.0,0.0
2024-07-05 00:00:00-04:00,2024-07-05,0.6499999761581421,0.6600000262260437,0.6499999761581421,0.6600000262260437,955900,0.0,0.0
2024-07-08 00:00:00-04:00,2024-07-08,0.6600000262260437,0.6800000071525574,0.6100000143051147,0.6200000047683716,3392200,0.0,0.0
2024-07-09 00:00:00-04:00,2024-07-09,0.6200000047683716,0.6399999856948853,0.6100000143051147,0.6100000143051147,1826600,0.0,0.0
2024-07-10 00:00:00-04:00,2024-07-10,0.6100000143051147,0.6600000262260437,0.6100000143051147,0.6600000262260437,1718800,0.0,0.0
2024-07-11 00:00:00-04:00,2024-07-11,0.6600000262260437,0.699999988079071,0.6600000262260437,0.6700000166893005,2512600,0.0,0.0
2024-07-12 00:00:00-04:00,2024-07-12,0.6899999976158142,0.7599999904632568,0.6700000166893005,0.6700000166893005,5962100,0.0,0.0
2024-07-15 00:00:00-04:00,2024-07-15,0.6800000071525574,0.6899999976158142,0.6600000262260437,0.6800000071525574,1821500,0.0,0.0
2024-07-16 00:00:00-04:00,2024-07-16,0.6800000071525574,0.7400000095367432,0.6800000071525574,0.7300000190734863,2737400,0.0,0.0
2024-07-17 00:00:00-04:00,2024-07-17,0.7300000190734863,0.75,0.6899999976158142,0.7099999785423279,1794800,0.0,0.0
2024-07-18 00:00:00-04:00,2024-07-18,0.7099999785423279,0.7300000190734863,0.6800000071525574,0.6800000071525574,1558000,0.0,0.0
2024-07-19 00:00:00-04:00,2024-07-19,0.6899999976158142,0.699999988079071,0.6700000166893005,0.6800000071525574,1098900,0.0,0.0
2024-07-22 00:00:00-04:00,2024-07-22,0.6800000071525574,0.699999988079071,0.6600000262260437,0.6899999976158142,800800,0.0,0.0
2024-07-23 00:00:00-04:00,2024-07-23,0.699999988079071,0.699999988079071,0.6700000166893005,0.6899999976158142,692600,0.0,0.0
2024-07-24 00:00:00-04:00,2024-07-24,0.6800000071525574,0.6899999976158142,0.6700000166893005,0.6700000166893005,909200,0.0,0.0
2024-07-25 00:00:00-04:00,2024-07-25,0.6700000166893005,0.699999988079071,0.6600000262260437,0.6800000071525574,1276800,0.0,0.0
2024-07-26 00:00:00-04:00,2024-07-26,0.6899999976158142,0.7099999785423279,0.6700000166893005,0.699999988079071,1212900,0.0,0.0
